{
  "image_width": 2480,
  "image_height": 3508,
  "scale_factor": 0.02,
  "wall_height": 3.0,
  "walls": [
    {
      "id": "wall_0",
      "vertices": [
        [
          0.7782258064516129,
          0.427594070695553
        ],
        [
          0.7947580645161291,
          0.427594070695553
        ],
        [
          0.7959677419354839,
          0.4207525655644242
        ],
        [
          0.8004032258064516,
          0.42160775370581527
        ],
        [
          0.8004032258064516,
          0.427594070695553
        ],
        [
          0.8133064516129033,
          0.427594070695553
        ],
        [
          0.8137096774193548,
          0.42132269099201825
        ],
        [
          0.8185483870967742,
          0.4207525655644242
        ],
        [
          0.8209677419354838,
          0.43101482326111745
        ],
        [
          0.8282258064516129,
          0.419327251995439
        ],
        [
          0.8217741935483871,
          0.4221778791334094
        ],
        [
          0.8201612903225807,
          0.419327251995439
        ],
        [
          0.8080645161290323,
          0.419327251995439
        ],
        [
          0.8060483870967742,
          0.4170467502850627
        ],
        [
          0.8044354838709677,
          0.41961231470923605
        ],
        [
          0.7806451612903226,
          0.4210376282782212
        ],
        [
          0.7806451612903226,
          0.41761687571265677
        ],
        [
          0.7899193548387097,
          0.41647662485746867
        ],
        [
          0.7782258064516129,
          0.4161915621436716
        ]
      ],
      "thickness": 0.02
    },
    {
      "id": "wall_1",
      "vertices": [
        [
          0.14798387096774193,
          0.14395667046750285
        ],
        [
          0.13911290322580644,
          0.798175598631699
        ],
        [
          0.5125,
          0.7978905359179019
        ],
        [
          0.5112903225806451,
          0.8891106043329533
        ],
        [
          0.8560483870967742,
          0.8879703534777651
        ],
        [
          0.8620967741935484,
          0.4144811858608894
        ],
        [
          0.7774193548387097,
          0.4637970353477765
        ],
        [
          0.7286290322580645,
          0.4150513112884835
        ],
        [
          0.7036290322580645,
          0.13996579247434435
        ]
      ],
      "thickness": 0.02
    }
  ],
  "doors": [],
  "windows": [],
  "rooms": [
    {
      "id": "room_0",
      "bounds": {
        "x": 0.13911290322580644,
        "y": 0.13996579247434435,
        "width": 0.722983870967742,
        "height": 0.7491448118586089
      },
      "center": [
        0.5006048387096774,
        0.5145381984036488
      ]
    }
  ]
}