{
  "image_width": 300,
  "image_height": 300,
  "scale_factor": 0.02,
  "wall_height": 3.0,
  "walls": [
    {
      "id": "wall_0",
      "vertices": [
        [
          0.21666666666666667,
          0.14333333333333334
        ],
        [
          0.21333333333333335,
          0.3466666666666667
        ],
        [
          0.23,
          0.15666666666666668
        ],
        [
          0.42333333333333334,
          0.15666666666666668
        ],
        [
          0.4533333333333333,
          0.35
        ],
        [
          0.08666666666666667,
          0.4666666666666667
        ],
        [
          0.08666666666666667,
          0.7266666666666667
        ],
        [
          0.4766666666666667,
          0.6833333333333333
        ],
        [
          0.4766666666666667,
          0.8433333333333334
        ],
        [
          0.25,
          0.86
        ],
        [
          0.76,
          0.86
        ],
        [
          0.49333333333333335,
          0.7933333333333333
        ],
        [
          0.4866666666666667,
          0.31666666666666665
        ],
        [
          0.69,
          0.31
        ],
        [
          0.72,
          0.81
        ],
        [
          0.7666666666666667,
          0.6066666666666667
        ],
        [
          0.9533333333333334,
          0.6033333333333334
        ],
        [
          0.9533333333333334,
          0.38
        ],
        [
          0.94,
          0.59
        ],
        [
          0.7633333333333333,
          0.5933333333333334
        ],
        [
          0.7333333333333333,
          0.14333333333333334
        ]
      ],
      "thickness": 0.02
    }
  ],
  "doors": [],
  "windows": [],
  "rooms": [
    {
      "id": "room_0",
      "bounds": {
        "x": 0.08666666666666667,
        "y": 0.14333333333333334,
        "width": 0.8666666666666667,
        "height": 0.7166666666666667
      },
      "center": [
        0.52,
        0.5016666666666667
      ]
    }
  ]
}