{
  "image_width": 2560,
  "image_height": 1712,
  "scale_factor": 0.02,
  "wall_height": 3.0,
  "walls": [
    {
      "id": "wall_0",
      "vertices": [
        [
          0.0,
          0.0
        ],
        [
          0.0,
          0.9994158878504673
        ],
        [
          0.999609375,
          0.9994158878504673
        ],
        [
          0.999609375,
          0.0
        ]
      ],
      "thickness": 0.02
    }
  ],
  "doors": [],
  "windows": [],
  "rooms": [
    {
      "id": "room_0",
      "bounds": {
        "x": 0.0,
        "y": 0.0,
        "width": 0.999609375,
        "height": 0.9994158878504673
      },
      "center": [
        0.4998046875,
        0.49970794392523366
      ]
    }
  ]
}