{
  "image_width": 3300,
  "image_height": 2400,
  "scale_factor": 0.02,
  "wall_height": 3.0,
  "walls": [
    {
      "id": "wall_0",
      "vertices": [
        [
          0.18818181818181817,
          0.04666666666666667
        ],
        [
          0.18727272727272729,
          0.9466666666666667
        ],
        [
          0.7954545454545454,
          0.9470833333333334
        ],
        [
          0.7972727272727272,
          0.04708333333333333
        ]
      ],
      "thickness": 0.02
    }
  ],
  "doors": [],
  "windows": [],
  "rooms": [
    {
      "id": "room_0",
      "bounds": {
        "x": 0.18727272727272729,
        "y": 0.04666666666666667,
        "width": 0.61,
        "height": 0.9004166666666666
      },
      "center": [
        0.49227272727272725,
        0.496875
      ]
    }
  ]
}