{
  "image_width": 2158,
  "image_height": 1687,
  "scale_factor": 0.01,
  "wall_height": 3.0,
  "walls": [
    {
      "id": "wall_0",
      "vertices": [
        [
          0.09870250231696015,
          0.01066982809721399
        ],
        [
          0.09823911028730306,
          0.0983995257854179
        ],
        [
          0.0505097312326228,
          0.11618257261410789
        ],
        [
          0.09314179796107507,
          0.8962655601659751
        ],
        [
          0.943002780352178,
          0.8861885002963841
        ],
        [
          0.9448563484708064,
          0.11203319502074689
        ],
        [
          0.8679332715477294,
          0.1084765856550089
        ],
        [
          0.860982391102873,
          0.008298755186721992
        ],
        [
          0.4911955514365153,
          0.006520450503852994
        ],
        [
          0.4870250231696015,
          0.053349140486069944
        ]
      ],
      "thickness": 0.02
    }
  ],
  "doors": [],
  "windows": [],
  "rooms": [
    {
      "id": "room_0",
      "bounds": {
        "x": 0.0505097312326228,
        "y": 0.006520450503852994,
        "width": 0.8943466172381835,
        "height": 0.8897451096621221
      },
      "center": [
        0.4976830398517145,
        0.45139300533491405
      ]
    }
  ]
}