{
  "image_width": 1152,
  "image_height": 896,
  "scale_factor": 0.02,
  "wall_height": 3.0,
  "walls": [
    {
      "id": "wall_0",
      "vertices": [
        [
          0.8559027777777778,
          0.10825892857142858
        ],
        [
          0.10243055555555555,
          0.11049107142857142
        ],
        [
          0.10243055555555555,
          0.8794642857142857
        ],
        [
          0.8567708333333334,
          0.8794642857142857
        ]
      ],
      "thickness": 0.02
    }
  ],
  "doors": [],
  "windows": [],
  "rooms": [
    {
      "id": "room_0",
      "bounds": {
        "x": 0.10243055555555555,
        "y": 0.10825892857142858,
        "width": 0.7543402777777778,
        "height": 0.7712053571428571
      },
      "center": [
        0.4796006944444444,
        0.49386160714285715
      ]
    }
  ]
}