{
  "image_width": 460,
  "image_height": 345,
  "scale_factor": 0.02,
  "wall_height": 3.0,
  "walls": [
    {
      "id": "wall_0",
      "vertices": [
        [
          0.8173913043478261,
          0.9565217391304348
        ],
        [
          0.8173913043478261,
          0.9681159420289855
        ],
        [
          0.8391304347826087,
          0.9681159420289855
        ],
        [
          0.8456521739130435,
          0.9826086956521739
        ],
        [
          0.9043478260869565,
          0.9826086956521739
        ],
        [
          0.9065217391304348,
          0.9971014492753624
        ],
        [
          0.9978260869565218,
          0.9971014492753624
        ],
        [
          0.9978260869565218,
          0.936231884057971
        ],
        [
          0.9,
          0.9391304347826087
        ],
        [
          0.8978260869565218,
          0.9507246376811594
        ],
        [
          0.8673913043478261,
          0.9507246376811594
        ],
        [
          0.8652173913043478,
          0.9391304347826087
        ],
        [
          0.8282608695652174,
          0.9391304347826087
        ]
      ],
      "thickness": 0.02
    },
    {
      "id": "wall_1",
      "vertices": [
        [
          0.9760869565217392,
          0.3101449275362319
        ],
        [
          0.9565217391304348,
          0.8927536231884058
        ],
        [
          0.058695652173913045,
          0.8898550724637682
        ],
        [
          0.04782608695652174,
          0.7217391304347827
        ],
        [
          0.04782608695652174,
          0.8985507246376812
        ],
        [
          0.9717391304347827,
          0.9072463768115943
        ]
      ],
      "thickness": 0.02
    },
    {
      "id": "wall_2",
      "vertices": [
        [
          0.2217391304347826,
          0.20579710144927535
        ],
        [
          0.4282608695652174,
          0.22318840579710145
        ],
        [
          0.43043478260869567,
          0.4405797101449275
        ],
        [
          0.5760869565217391,
          0.4434782608695652
        ],
        [
          0.5760869565217391,
          0.7478260869565218
        ],
        [
          0.5239130434782608,
          0.7710144927536232
        ],
        [
          0.7673913043478261,
          0.7681159420289855
        ],
        [
          0.7652173913043478,
          0.2
        ]
      ],
      "thickness": 0.02
    },
    {
      "id": "wall_3",
      "vertices": [
        [
          0.14347826086956522,
          0.2
        ],
        [
          0.14130434782608695,
          0.7710144927536232
        ],
        [
          0.44782608695652176,
          0.7710144927536232
        ],
        [
          0.44130434782608696,
          0.5449275362318841
        ],
        [
          0.4282608695652174,
          0.7507246376811594
        ],
        [
          0.15434782608695652,
          0.744927536231884
        ],
        [
          0.15434782608695652,
          0.30144927536231886
        ],
        [
          0.18695652173913044,
          0.28405797101449276
        ],
        [
          0.16956521739130434,
          0.2028985507246377
        ]
      ],
      "thickness": 0.02
    },
    {
      "id": "wall_4",
      "vertices": [
        [
          0.25,
          0.057971014492753624
        ],
        [
          0.25,
          0.0927536231884058
        ],
        [
          0.4652173913043478,
          0.0927536231884058
        ],
        [
          0.4652173913043478,
          0.057971014492753624
        ]
      ],
      "thickness": 0.02
    },
    {
      "id": "wall_5",
      "vertices": [
        [
          0.7369565217391304,
          0.0
        ],
        [
          0.7369565217391304,
          0.011594202898550725
        ],
        [
          0.9565217391304348,
          0.014492753623188406
        ],
        [
          0.9586956521739131,
          0.04057971014492753
        ],
        [
          0.967391304347826,
          0.04057971014492753
        ],
        [
          0.967391304347826,
          0.0
        ]
      ],
      "thickness": 0.02
    }
  ],
  "doors": [],
  "windows": [],
  "rooms": [
    {
      "id": "room_0",
      "bounds": {
        "x": 0.04782608695652174,
        "y": 0.0,
        "width": 0.95,
        "height": 0.9971014492753624
      },
      "center": [
        0.5228260869565218,
        0.4985507246376812
      ]
    }
  ]
}