{
  "image_width": 186,
  "image_height": 180,
  "scale_factor": 0.02,
  "wall_height": 3.0,
  "walls": [
    {
      "id": "wall_0",
      "vertices": [
        [
          0.5483870967741935,
          0.1
        ],
        [
          0.41935483870967744,
          0.1111111111111111
        ],
        [
          0.43548387096774194,
          0.2
        ],
        [
          0.3387096774193548,
          0.2111111111111111
        ],
        [
          0.3387096774193548,
          0.28888888888888886
        ],
        [
          0.553763440860215,
          0.28888888888888886
        ],
        [
          0.553763440860215,
          0.2
        ],
        [
          0.532258064516129,
          0.19444444444444445
        ]
      ],
      "thickness": 0.02
    },
    {
      "id": "wall_1",
      "vertices": [
        [
          0.6075268817204301,
          0.027777777777777776
        ],
        [
          0.6075268817204301,
          0.3
        ],
        [
          0.6720430107526881,
          0.3
        ],
        [
          0.6774193548387096,
          0.3388888888888889
        ],
        [
          0.6989247311827957,
          0.3388888888888889
        ],
        [
          0.6935483870967742,
          0.1
        ],
        [
          0.6344086021505376,
          0.1
        ],
        [
          0.6290322580645161,
          0.027777777777777776
        ]
      ],
      "thickness": 0.02
    },
    {
      "id": "wall_2",
      "vertices": [
        [
          0.9946236559139785,
          0.027777777777777776
        ],
        [
          0.8279569892473119,
          0.0
        ],
        [
          0.956989247311828,
          0.05
        ],
        [
          0.9516129032258065,
          0.45555555555555555
        ],
        [
          0.3225806451612903,
          0.37777777777777777
        ],
        [
          0.9516129032258065,
          0.4777777777777778
        ],
        [
          0.9516129032258065,
          0.95
        ],
        [
          0.13978494623655913,
          0.95
        ],
        [
          0.10215053763440861,
          0.8055555555555556
        ],
        [
          0.25268817204301075,
          0.7555555555555555
        ],
        [
          0.04838709677419355,
          0.7722222222222223
        ],
        [
          0.043010752688172046,
          0.6333333333333333
        ],
        [
          0.3548387096774194,
          0.6111111111111112
        ],
        [
          0.026881720430107527,
          0.6
        ],
        [
          0.026881720430107527,
          0.40555555555555556
        ],
        [
          0.1989247311827957,
          0.37777777777777777
        ],
        [
          0.043010752688172046,
          0.37222222222222223
        ],
        [
          0.0,
          0.03333333333333333
        ],
        [
          0.0,
          0.9666666666666667
        ],
        [
          0.967741935483871,
          0.9944444444444445
        ]
      ],
      "thickness": 0.02
    }
  ],
  "doors": [],
  "windows": [],
  "rooms": [
    {
      "id": "room_0",
      "bounds": {
        "x": 0.0,
        "y": 0.0,
        "width": 0.9946236559139785,
        "height": 0.9944444444444445
      },
      "center": [
        0.49731182795698925,
        0.49722222222222223
      ]
    }
  ]
}