{
  "image_width": 2158,
  "image_height": 1687,
  "scale_factor": 0.02,
  "wall_height": 3.0,
  "walls": [
    {
      "id": "wall_0",
      "vertices": [
        [
          0.8192771084337349,
          0.05749851807943094
        ],
        [
          0.8049119555143651,
          0.05868405453467694
        ],
        [
          0.8025949953660797,
          0.11025489033787789
        ],
        [
          0.8202038924930491,
          0.07587433313574392
        ]
      ],
      "thickness": 0.015
    },
    {
      "id": "wall_1",
      "vertices": [
        [
          0.7043558850787767,
          0.05749851807943094
        ],
        [
          0.6895273401297498,
          0.05868405453467694
        ],
        [
          0.6876737720111215,
          0.11025489033787789
        ],
        [
          0.7052826691380908,
          0.07468879668049792
        ]
      ],
      "thickness": 0.015
    }
  ],
  "doors": [],
  "windows": [
    {
      "id": "window_0",
      "center": [
        0.5064874884151993,
        0.06579727326615294
      ],
      "width": 0.037998146431881374,
      "height": 0.014226437462951986
    }
  ],
  "rooms": [
    {
      "id": "room_0",
      "bounds": {
        "x": 0.681047265987025,
        "y": 0.054860699466508595,
        "width": 0.14578313253012043,
        "height": 0.05803200948429164
      },
      "center": [
        0.7539388322520852,
        0.08387670420865441
      ]
    }
  ]
}