{
  "image_width": 3300,
  "image_height": 2400,
  "scale_factor": 0.02,
  "wall_height": 3.0,
  "walls": [
    {
      "id": "wall_0",
      "vertices": [
        [
          0.18818181818181817,
          0.04666666666666667
        ],
        [
          0.18757575757575756,
          0.9470833333333334
        ],
        [
          0.7951515151515152,
          0.9475
        ],
        [
          0.7972727272727272,
          0.04708333333333333
        ]
      ],
      "thickness": 0.02
    }
  ],
  "doors": [],
  "windows": [],
  "rooms": [
    {
      "id": "room_0",
      "bounds": {
        "x": 0.18757575757575756,
        "y": 0.04666666666666667,
        "width": 0.6096969696969697,
        "height": 0.9008333333333334
      },
      "center": [
        0.49242424242424243,
        0.4970833333333333
      ]
    }
  ]
}