{
  "image_width": 2158,
  "image_height": 1687,
  "scale_factor": 0.03,
  "wall_height": 3.0,
  "walls": [],
  "doors": [
    {
      "id": "door_0",
      "center": [
        0.8056070435588508,
        0.44042679312388855
      ],
      "width": 0.026413345690454126,
      "height": 0.05572021339656195,
      "area_px": 210.0
    }
  ],
  "windows": [
    {
      "id": "window_0",
      "center": [
        0.6846617238183503,
        0.38559573206876113
      ],
      "width": 0.028266913809082483,
      "height": 0.03260225251926497,
      "area_px": 630.0
    }
  ],
  "rooms": [],
  "processing_method": "enhanced_with_text_removal"
}