{
  "image_width": 1520,
  "image_height": 777,
  "scale_factor": 0.02,
  "wall_height": 3.0,
  "walls": [
    {
      "id": "wall_0",
      "vertices": [
        [
          0.0,
          0.5276705276705277
        ],
        [
          0.0,
          0.9987129987129987
        ],
        [
          0.9993421052631579,
          0.9987129987129987
        ],
        [
          0.9993421052631579,
          0.5276705276705277
        ],
        [
          0.7789473684210526,
          0.38223938223938225
        ],
        [
          0.40131578947368424,
          0.323037323037323
        ]
      ],
      "thickness": 0.02
    }
  ],
  "doors": [],
  "windows": [],
  "rooms": [
    {
      "id": "room_0",
      "bounds": {
        "x": 0.0,
        "y": 0.323037323037323,
        "width": 0.9993421052631579,
        "height": 0.6756756756756757
      },
      "center": [
        0.49967105263157896,
        0.6608751608751608
      ]
    }
  ]
}