{
  "image_width": 460,
  "image_height": 345,
  "scale_factor": 0.02,
  "wall_height": 3.0,
  "walls": [
    {
      "id": "wall_0",
      "vertices": [
        [
          0.043478260869565216,
          0.0782608695652174
        ],
        [
          0.043478260869565216,
          0.9072463768115943
        ],
        [
          0.967391304347826,
          0.9072463768115943
        ],
        [
          0.967391304347826,
          0.0782608695652174
        ]
      ],
      "thickness": 0.02
    }
  ],
  "doors": [],
  "windows": [],
  "rooms": [
    {
      "id": "room_0",
      "bounds": {
        "x": 0.043478260869565216,
        "y": 0.0782608695652174,
        "width": 0.9239130434782609,
        "height": 0.8289855072463768
      },
      "center": [
        0.5054347826086957,
        0.4927536231884058
      ]
    }
  ]
}